5668;QUINTA DO PORTAL/SALGADO FILHO;395-1;O
5667;MAPA/ANTONIO DE CARVALHO/ELEIES;3948-1;O
5666;MAPA VIA IPIRANGA/CIRCULAR NO BAIRRO;3945-2;O
5665;AZENHA/MAPA/QUINTA DO PORTAL;3944-2;O
5664;AZENHA/MAPA/QUINTA DO PORTAL;3944-1;O
5663;MAPA / VIA IPIRANGA;3943-2;O
5662;MAPA / VIA IPIRANGA;3943-1;O
5661;MAPA / ATE TERMINAL AZENHA;3942-2;O
5660;MAPA / ATE TERMINAL AZENHA;3942-1;O
5659;MAPA/QUINTA DO PORTAL/SABADO/DOMINGOS;3941-2;O
5658;MAPA/QUINTA DO PORTAL/SABADO/DOMINGOS;3941-1;O
5657;M A P A;394-2;O
5656;M A P A;394-1;O
5655;TRONCAL/BENTO/ELEIES;3628-2;O
5654;TRONCAL/BENTO/ELEIES;3628-1;O
5653;C E F E R;361-2;O
5652;C E F E R;361-1;O
5651;IP/ANTONIO DE CARVALHO/ELEIES;3608-2;O
5650;IP/ANTONIO DE CARVALHO/ELEIES;3608-1;O
5649;I P E;360-2;O
5648;I P E;360-1;O
5647;IPIRANGA / PUC;353-2;O
5646;IPIRANGA / PUC;353-1;O
5645;IGUATEMI I;6171-1;O
5644;B. VISTA/ANITA VIA CARAZINHO/IJUI (CONORTE);4303-2;O
5643;B. VISTA/ANITA VIA CARAZINHO/IJUI (CONORTE);4303-1;O
5642;TRANSVERSAL 2/DOMINGOS;T22-1;O
5641;SO CAETANO/SBADOS/DOMINGO/FERIADOS;3491-2;O
5640;SO CAETANO/SBADOS/DOMINGO/FERIADOS;3491-1;O
5639;SO CAETANO;349-2;O
5638;SO CAETANO;349-1;O
5637;JARDIM BENTO GONALVES/CIRCULAR NO BAIRRO;3481-2;O
5636;JARDIM BENTO GONCALVES;348-2;O
5635;JARDIM BENTO GONCALVES;348-1;O
5634;ALAMEDA/AZENHA/ELEIES;3478-2;O
5633;ALAMEDA/AZENHA/ELEIES;3478-1;O
5632;ALAMEDA;347-2;O
5631;ALAMEDA;347-1;O
5630;SO JOS/AZENHA/ELEIES;3468-2;O
5629;SO JOS/AZENHA/ELEIES;3468-1;O
5628;SAO JOSE;346-2;O
5627;SAO JOSE;346-1;O
5626;SANTA CATARINA;345-2;O
5625;SANTA CATARINA;345-1;O
5624;SANTA MARIA/AZENHA/ELEIES;3448-2;O
5623;SANTA MARIA/AZENHA/ELEIES;3448-1;O
5622;ALIM. DORIVAL C. MACHADO/PARQUE LAVOURA;A16-1;O
5621;SANTA MARIA/CLEMENTE PEREIRA;3441-1;O
5620;SANTA MARIA;344-2;O
5619;SANTA MARIA;344-1;O
5618;JARDIM BOTANICO;340-2;O
5617;JARDIM BOTANICO;340-1;O
5616;RINCAO/VIA OSCAR PEREIRA;289-2;O
5615;RINCAO/VIA OSCAR PEREIRA;289-1;O
5614;IPANEMA / MORRO ALTO;288-2;O
5613;IPANEMA / MORRO ALTO;288-1;O
5612;NONOAI/ERECHIM/COSTA LIMA;2851-2;O
5611;NONOAI/ERECHIM/COSTA LIMA;2851-1;O
5610;NONOAI;285-2;O
5609;NONOAI;285-1;O
5608;BELEM VELHO (S.FRANCISCO)/RINCAO/BETAO;284-1;O
5607;FUTEBOL BEIRA-RIO/ARENA;F01-2;O
5606;AMAPA;271-2;O
5605;AMAPA;271-1;O
5604;GRUTINHA;270-2;O
5603;GRUTINHA;270-1;O
5602;VILA NOVA (JOAO SALOMONI);2661-1;O
5601;VILA NOVA;266-2;O
5600;VILA NOVA;266-1;O
5599;ALAGAMENTO TRENSURB 4/CONORTE;LE4-1;O
5598;ALAGAMENTO TRENSURB 4/CONORTE;LE4-2;O
5597;ORFANOTROFIO/JARDIM MEDIANEIRA;2631-2;O
5596;ORFANOTROFIO/JARDIM MEDIANEIRA;2631-1;O
5595;ORFANOTROFIO;263-2;O
5594;ORFANOTROFIO;263-1;O
5593;JARDIM V.NOVA(CASCATINHA);2621-2;O
5592;JARDIM V.NOVA(CASCATINHA);2621-1;O
5591;JARDIM V. NOVA;262-2;O
5590;JARDIM V. NOVA;262-1;O
5589;BELEM VELHO/J. PESSOA;2602-2;O
5588;BELEM VELHO/J. PESSOA;2602-1;O
5587;BELEM VELHO (CASCATINHA);2601-2;O
5586;BELEM VELHO (CASCATINHA);2601-1;O
5585;BELEM VELHO/OSCAR PEREIRA;260-2;O
5584;BELEM VELHO/OSCAR PEREIRA;260-1;O
5583;INTENDENTE AZEVEDO/AZENHA/ELEIES;2568-1;O
5582;NAZARETH/INTENDENTE/PATRIMNIO;2563-2;O
5581;NAZARETH/INTENDENTE/PATRIMNIO;2563-1;O
5580;NAZARETH/INTENDENTE;2562-2;O
5579;NAZARETH/INTENDENTE;2562-1;O
5578;NAZARETH;2561-2;O
5577;NAZARETH;2561-1;O
5576;INTENDENTE AZEVEDO;256-2;O
5575;INTENDENTE AZEVEDO;256-1;O
5574;EMBRATEL-CANUDOS-CASCATINHA;2541-2;O
5573;EMBRATEL-CANUDOS-CASCATINHA;2541-1;O
5572;EMBRATEL (CASCATINHA);254-2;O
5571;EMBRATEL (CASCATINHA);254-1;O
5570;RENASCENA/DOMINGOS;2531-2;O
5569;RENASCENA/DOMINGOS;2531-1;O
5568;RENASCENCA;253-2;O
5567;RENASCENCA;253-1;O
5566;ALPES;251-2;O
5565;ALPES;251-1;O
5564;1 DE MAIO;250-2;O
5563;1 DE MAIO;250-1;O
5562;CORUJAO - ASSIS BRASIL / PROTASIO;M52-2;O
5561;PADRE REUS / CORONEL MASSOT;1871-1;O
5560;PADRE REUS;187-2;O
5559;PADRE REUS;187-1;O
5558;JARDIM DAS PALMEIRAS;170-1;O
5557;COHAB;165-2;O
5556;COHAB;165-1;O
5555;ICARAI(ALTO TAQUARI);1491-2;O
5554;ICARAI(ALTO TAQUARI);1491-1;O
5553;ICARAI;149-2;O
5552;ICARAI;149-1;O
5551;EVENTUAL SANTA MARIA;E44-1;O
5550;PASSO DAS PEDRAS/CAIR VIA SERTRIO;7561-2;O
5549;PASSO DAS PEDRAS/CAIR VIA SERTRIO;7561-1;O
5548;IGUATEMI/VILA JARDIM(UNIBUS);6206-2;O
5547;IGUATEMI/VILA JARDIM(UNIBUS);6206-1;O
5546;CRISTOVAO COLOMBO;TR61-2;O
5545;CRISTOVAO COLOMBO;TR61-1;O
5544;NILO/PRAIA DE BELAS;T7-2;O
5543;NILO/PRAIA DE BELAS;T7-1;O
5542;TRANSVERSAL 5/DOMINGOS;T52-2;O
5541;TRANSVERSAL 5/DOMINGOS;T52-1;O
5540;TRANSVERSAL 5/SABADOS/FERIADOS;T51-2;O
5539;TRANSVERSAL 5/SABADOS/FERIADOS;T51-1;O
5538;TRANSVERSAL 5;T5-2;O
5537;TRANSVERSAL 5;T5-1;O
5536;TRANSVERSAL 4;T4-1;O
5535;TRANSVERSAL 4;T4-2;O
5534;TRANSVERSAL 3/NAVEGANTES;T39-2;O
5533;TRANSVERSAL 3/NAVEGANTES;T39-1;O
5532;TRANSVERSAL 3/NAVEGANTES/DIRIO DE NOTCIAS;T329-2;O
5531;TRANSVERSAL 3/NAVEGANTES/DIRIO DE NOTCIAS;T329-1;O
5530;TRANSVERSAL 3/NITEROI;T31-2;O
5529;TRANSVERSAL 3;T3-2;O
5528;TRANSVERSAL 3;T3-1;O
5527;TRANSVERSAL 2/VIA P.AZURENHA/POSTO/NAVEGANTES;T2A9-2;O
5526;TRANSVERSAL 2/VIA P.AZURENHA/POSTO/NAVEGANTES;T2A9-1;O
5525;TRANSVERSAL 2/A. J. RENNER;T2A1-2;O
5524;TRANSVERSAL 2/A. J. RENNER;T2A1-1;O
5523;TRANSVERSAL 2 (VIA PAULINO AZURENHA / POSTAO);T2A-2;O
5522;TRANSVERSAL 2 (VIA PAULINO AZURENHA / POSTAO);T2A-1;O
5521;TRANSVERSAL 2/NAVEGANTES;T29-2;O
5520;TRANSVERSAL 2/NAVEGANTES;T29-1;O
5519;TRANSVERSAL 2;T2-2;O
5518;TRANSVERSAL 2;T2-1;O
5517;T1 DIRETA;T1D-2;O
5516;T1 DIRETA;T1D-1;O
5515;3鼎 PERIMETRAL;T11-2;O
5514;3鼎 PERIMETRAL;T11-1;O
5513;TRANSVERSAL 1;T1-2;O
5512;TRANSVERSAL 1;T1-1;O
5511;CORUJAO - ASSIS BRASIL / PROTASIO;M52-1;O
5510;ITU COINMA ESPECIAL;E65-1;O
5509;EVENTUAL FAPA CONCURSOS;E56-2;O
5508;EVENTUAL FAPA CONCURSOS;E56-1;O
5507;PARQUE NAUTICO/SEMANA FARROUPILHA;E40-2;O
5506;PARQUE NAUTICO/SEMANA FARROUPILHA;E40-1;O
5505;EVENTUAL PARQUE CONDOR;E32-2;O
5504;EVENTUAL PARQUE CONDOR;E32-1;O
5503;EVENTO/HIPODROMO;E180-2;O
5502;EVENTO/HIPODROMO;E180-1;O
5501;EVENTUAL ELEIES CONSELHO;E18-2;O
5500;EVENTUAL ELEIES CONSELHO;E18-1;O
5499;ILHA DA PINTADA/DIRETA;D18-2;O
5498;ILHA DA PINTADA/DIRETA;D18-1;O
5497;CIRCULAR ZONA SUL;C80-1;O
5496;PASSO DAS PEDRAS / AEROPORTO;B56-1;O
5495;AEROPORTO/INDUSTRIAS/IGUATEMI/ANCHIETA;B091-1;O
5494;AEROPORTO/INDUSTRIAS/IGUATEMI;B09-1;O
5493;JARDIM FLORESTA/OBIRICI;B05-1;O
5492;PASSO DAS PEDRAS / SERTORIO;756-2;O
5491;PASSO DAS PEDRAS / SERTORIO;756-1;O
5490;ILHA DA PINTADA;718-2;O
5489;ILHA DA PINTADA;718-1;O
5488;SARANDI / SERTORIO;715-2;O
5487;SARANDI / SERTORIO;715-1;O
5486;INDUSTRIAS;705-1;O
5485;HUMAITA/A.J.RENNER/DONA TEODORA;7041-2;O
5484;HUMAITA/A.J.RENNER/DONA TEODORA;7041-1;O
5483;HUMAITA;704-2;O
5482;HUMAITA;704-1;O
5481;VILA FARRAPOS;703-2;O
5480;VILA FARRAPOS;703-1;O
5479;ANCHIETA/EVENTO CIDADE ELETRICA;7021-1;O
5478;BAIRRO ANCHIETA;702-1;O
5477;VILA FARRAPOS/VOLUNTARIOS;701-2;O
5476;VILA FARRAPOS/VOLUNTARIOS;701-1;O
5475;FESTA DOS NAVEGANTES;690-2;O
5474;FESTA DOS NAVEGANTES;690-1;O
5473;PLANALTO/SABARA VIA JARDIM EUROPA;6651-2;O
5472;PLANALTO/SABARA VIA JARDIM EUROPA;6651-1;O
5471;PLANALTO/SABAR;665-2;O
5470;PLANALTO/SABAR;665-1;O
5469;PASSO DAS PEDRAS / FAPA;656-2;O
5468;PASSO DAS PEDRAS / FAPA;656-1;O
5467;EDUCANDARIO PETROPOLIS;654-2;O
5466;EDUCANDARIO PETROPOLIS;654-1;O
5465;CHACARA DA FUMACA/TRIANGULO;A55-1;O
5464;ITU COINMA/AV DO FORTE;653-1;O
5463;HOSPITAL;652-2;O
5462;HOSPITAL;652-1;O
5461;AV.DO FORTE/ITU COINMA;650-1;O
5460;CHACARA DAS PEDRAS/ARARUAMA;6371-2;O
5459;CHACARA DAS PEDRAS/ARARUAMA;6371-1;O
5458;CHACARA DAS PEDRAS;637-2;O
5457;CHACARA DAS PEDRAS;637-1;O
5456;IGUATEMI / V. JARDIM;620-2;O
5455;IGUATEMI / V. JARDIM;620-1;O
5454;IGUATEMI;617-1;O
5453;IGUATEMI II;6172-2;O
5452;SARANDI;615-2;O
5451;SARANDI;615-1;O
5450;LEAO;614-2;O
5449;LEAO;614-1;O
5448;ELISABETH;613-2;O
5447;ELISABETH;613-1;O
5446;LINDOIA;611-2;O
5445;LINDOIA;611-1;O
5444;MINUANO;610-2;O
5443;MINUANO;610-1;O
5442;IAPI;608-2;O
5441;IAPI;608-1;O
5440;JARDIM SAO PEDRO;605-1;O
5439;HERDEIROS/ PARADA 01 (POLCIA CIVIL);3761-1;O
5438;TRIANGULO/24 DE OUTUBRO;520-1;O
5437;PEREIRA PASSOS VIA HOSPITAL DA BRIGADA MILITAR;2822-2;O
5436;PEREIRA PASSOS;2821-2;O
5435;PEREIRA PASSOS;2821-1;O
5434;CRUZEIRO DO SUL;282-2;O
5433;CRUZEIRO DO SUL;282-1;O
5432;OTTO/HPS/3鼎 PERIMETRAL;2802-2;O
5431;OTTO/HPS/3鼎 PERIMETRAL;2802-1;O
5430;OTTO/HPS/SABADOS/DOMINGOS/FERIADOS;2801-2;O
5429;OTTO/HPS/SABADOS/DOMINGOS/FERIADOS;2801-1;O
5428;OTTO/HPS;280-2;O
5427;OTTO/HPS;280-1;O
5426;ASSUNCAO;188-2;O
5425;ASSUNCAO;188-1;O
5424;LIBERAL;186-2;O
5423;LIBERAL;186-1;O
5422;DIARIO/JOCKEY;1802-1;O
5421;DIARIO;180-2;O
5420;DIARIO;180-1;O
5419;SERRARIA / OSWALDO CRUZ;1792-1;O
5418;CAMAQUA;173-2;O
5417;CAMAQUA;173-1;O
5416;ALIMENTADORA RESTINGA NOVA 09;A09-1;O
5415;ALIMENTADORA CHCARA DO BANCO/NOITE;A18-2;O
5414;ALIMENTADORA RESTINGA VELHA;A17-1;O
5413;ALIMENTADORA CHACARA DO BANCO;A11-2;O
5412;ALIMENTADORA CHACARA DO BANCO;A11-1;O
5411;ESCOLAR/GEDEON LEITE;A876-2;O
5410;ESCOLAR/GEDEON LEITE;A876-1;O
5409;ALIMENTADORA GEDEON LEITE;A873-2;O
5408;ALIMENTADORA GEDEON LEITE;A873-1;O
5407;ALIMENTADORA RESTINGA NOVA 10;A10-1;O
5406;ESCOLAR CHAPEU DO SOL;A73-1;O
5405;PONTA GROSSA/ESCOLA LOUREIRO DA SILVA;1715-2;O
5404;PONTA GROSSA/ESCOLA LOUREIRO DA SILVA;1715-1;O
5403;RAPIDA CAMPO NOVO;R81-1;O
5402;ALIMENTADORA CAMPO NOVO/CAVALHADA;A81-1;O
5401;RESTINGA NOVA VIA TRISTEZA/BARRA SHOPPING;1102-2;O
5400;RESTINGA NOVA VIA TRISTEZA/BARRA SHOPPING;1102-1;O
5399;EVENTUAL BARRA SHOPPING;E110-2;O
5398;EVENTUAL BARRA SHOPPING;E110-1;O
5397;RAPIDA HIPICA;R9-2;O
5396;RESTINGA NOVA VIA VELHA/5 UNID/NOTURNA;M10-2;O
5395;NOTURNA (PINHEIRO);M98-2;O
5394;MADRUGADAO SERRARIA/PONTA GROSSA;M79-2;O
5393;ALIMENTADORA HERDEIROS/ESMERALDA/INTEGRAO;A376-1;O
5392;RESTINGA AT A OTTO;E2095-2;O
5391;LAMI/BELM NOVO AT CAVALHADA;2676-1;O
5390;HERDEIROS/ESMERALDA/ANTNIO DE CARVALHO;3762-1;O
5389;FUTEBOL ARENA;F04-2;O
5388;RESTINGA AT A OTTO;E2095-1;O
5387;CAMPUS/FARRAPOS/NAVEGANTES;T89-2;O
5386;CAMPUS/FARRAPOS/NAVEGANTES;T89-1;O
5385;CAMPUS / FARRAPOS;T8-2;O
5384;CAMPUS / FARRAPOS;T8-1;O
5383;TRANSVERSAL 6 VIA WOLFRAM METZLER/EVENTO;T62A-2;O
5382;PETROPOLIS / PUC;476-1;O
5381;TRANSVERSAL 6/EVENTO(N/S);T61A-1;O
5380;TRANSVERSAL 6 (CARNAVAL);T61-2;O
5379;TRANSVERSAL 6 (CARNAVAL);T61-1;O
5378;TRANSVERSAL 6;T6-2;O
5377;TRANSVERSAL 6;T6-1;O
5376;ALIMENTADORA AGRONOMIA/INTEGRAO;A375-1;O
5375;TRIANGULO/ANTONIO DE CARVALHO;T10-2;O
5374;TRIANGULO/ANTONIO DE CARVALHO;T10-1;O
5373;RAPIDA JUCA BATISTA;R84-2;O
5372;RAPIDA JUCA BATISTA;R84-1;O
5371;RAPIDA BELEM NOVO(VIA CAVALHADA);R68-2;O
5370;RAPIDA BELEM NOVO(VIA CAVALHADA);R68-1;O
5369;RAPIDA LAMI VIA BELEM NOVO;R67-2;O
5368;RAPIDA LAMI VIA BELEM NOVO;R67-1;O
5367;RAPIDA RUBEM BERTA;R62-2;O
5366;RAPIDA RUBEM BERTA;R62-1;O
5365;RAPIDA PONTA GROSSA;R5-2;O
5364;RAPIDA PONTA GROSSA;R5-1;O
5363;RAPIDA - PROTASIO;R41-2;O
5362;RAPIDA - PROTASIO;R41-1;O
5361;RAPIDA - RESTINGA VELHA;R4-2;O
5360;RAPIDA - RESTINGA VELHA;R4-1;O
5359;RAPIDA - BONSUCESSO/PARADA 13;R321-2;O
5358;RAPIDA - BONSUCESSO/PARADA 13;R321-1;O
5357;RAPIDA - BONSUCESSO;R32-2;O
5356;RAPIDA - BONSUCESSO;R32-1;O
5355;RAPIDA - BENTO;R31-2;O
5354;RAPIDA - BENTO;R31-1;O
5353;RAPIDA/NUCLEO ESPERANCA;R3-2;O
5352;RAPIDA/NUCLEO ESPERANCA;R3-1;O
5351;RAPIDA RESTINGA NOVA/GLORIA;R16-2;O
5350;RAPIDA RESTINGA NOVA/GLORIA;R16-1;O
5349;RPIDA RESTINGA NOVA/CAVALHADA/DOMINGOS;R101-2;O
5348;RPIDA RESTINGA NOVA/CAVALHADA/DOMINGOS;R101-1;O
5347;RAPIDA RESTINGA NOVA/CAVALHADA;R10-2;O
5346;RAPIDA RESTINGA NOVA/CAVALHADA;R10-1;O
5345;NOTURNA (PINHEIRO);M98-1;O
5344;MADRUGADAO SERRARIA/PONTA GROSSA;M79-1;O
5343;NOTURNA (BELEM NOVO);M68-1;O
5342;CORUJAO ASSIS BRASIL/BALTAZAR;M31-2;O
5341;CORUJAO ASSIS BRASIL/BALTAZAR;M31-1;O
5340;CORUJAO BALTAZAR/ASSIS BRASIL;M21-2;O
5339;CORUJAO BALTAZAR/ASSIS BRASIL;M21-1;O
5338;RESTINGA NOVA VIA VELHA/5 UNID/NOTURNA;M10-1;O
5337;CARNAVAL/PINHEIRO/RESTINGA;E981-2;O
5336;LOMBA/CARNAVAL;E98-2;O
5335;LOMBA/CARNAVAL;E98-1;O
5334;CENTRO/EVENTO(VIA SERTORIO);E33-2;O
5333;CENTRO/EVENTO(VIA SERTORIO);E33-1;O
5332;FIERGS/ASSIS BRASIL;E30-2;O
5331;FIERGS/ASSIS BRASIL;E30-1;O
5330;FIERGS/DIRETA;E29-2;O
5329;FIERGS/DIRETA;E29-1;O
5328;VESTIBULAR UFRGS/FAPA;E21-2;O
5327;VESTIBULAR UFRGS/FAPA;E21-1;O
5326;AGOSTINHO/MAIAS/RADIO FARROUPILHA;E16-2;O
5325;AGOSTINHO/MAIAS/RADIO FARROUPILHA;E16-1;O
5324;LEOPOLDINA/R.BERTA/EVENTO RADIO FARROUPILHA;E13-2;O
5323;LEOPOLDINA/R.BERTA/EVENTO RADIO FARROUPILHA;E13-1;O
5322;LOMBA/EVENTO RADIO FARROUPILHA;E12-2;O
5321;LOMBA/EVENTO RADIO FARROUPILHA;E12-1;O
5320;RESTINGA/EVENTO RADIO FARROUPILHA;E11-2;O
5319;RESTINGA/EVENTO RADIO FARROUPILHA;E11-1;O
5318;RESTINGA/CARNAVAL(LOMBA);E101-2;O
5317;RESTINGA/CARNAVAL(LOMBA);E101-1;O
5316;RESTINGA/CARNAVAL(VIA LOMBA);E10-2;O
5315;RESTINGA/CARNAVAL(VIA LOMBA);E10-1;O
5314;DIRETAO/VIA NENE PORTALET;D731-2;O
5313;DIRETAO/VIA NENE PORTALET;D731-1;O
5312;DIRETAO/VIA FERNANDO FERRARI;D73-2;O
5311;DIRETAO/VIA FERNANDO FERRARI;D73-1;O
5310;DIRETAO/VIA STA. ROSA;D72-2;O
5309;DIRETAO/VIA STA. ROSA;D72-1;O
5308;DIRETAO/SANTA ROSA;D70-2;O
5307;DIRETAO/SANTA ROSA;D70-1;O
5306;LAMI VIA BELEM NOVO/DIRETA;D67-2;O
5305;LAMI VIA BELEM NOVO/DIRETA;D67-1;O
5304;UNIVERSITARIA-DIRETA;D43-2;O
5303;UNIVERSITARIA-DIRETA;D43-1;O
5302;DIRETAO/ELISABETH;D13-2;O
5301;DIRETAO/ELISABETH;D13-1;O
5300;CIRCULAR LOMBA/QUINTA DO PORTAL;C981-1;O
5299;CIRCULAR LOMBA DO PINHEIRO;C98-1;O
5298;PROTASIO/HUMAITA/NAVEGANTES;B559-1;O
5297;PROTASIO/HUMAITA/VIA PALMIRA GOBBI;B551-1;O
5296;PROTASIO/HUMAITA;B55-1;O
5295;PARQUE/POSTAO IAPI(FINADOS);B517-1;O
5294;ALIMENTADORA ESCOLAR LAMI/B NOVO;A691-2;O
5293;ALIMENTADORA ESCOLAR LAMI/B NOVO;A691-1;O
5292;A. FEIJO/HUMAITA/NAVEGANTES;B259-1;O
5291;A. FEIJO/JOAO PARIS/HUMAITA;B252-1;O
5290;A. FEIJO/HUMAITA/JOAO PARIS;B251-1;O
5289;A. FEIJO / HUMAITA;B25-1;O
5288;AEROPORTO/CARNAVAL;B023-1;O
5287;FAPA/AEROPORTO/LEOPOLDINA;B022-2;O
5286;LEOPOLDINA/AEROPORTO/FAPA;B021-1;O
5285;LEOPOLDINA/AEROPORTO/INDUSTRIAS;B02-1;O
5284;RUBEM BERTA/FIERGS;B011-1;O
5283;UNIVERSITARIA/FAPA;B01-2;O
5282;UNIVERSITARIA/FAPA;B01-1;O
5281;QUIRINAS/P.BATALHA/CIRC./ESCOLAR/SABADO;A993-1;O
5280;QUIRINAS/PASSO DA BATALHA (CIRCULAR ALIMENTADORA);A991-1;O
5279;PASSO DA BATALHA (CIRCULAR / ALIMENTADORA);A99-1;O
5278;PARADA 21 ESCOLAR/ALIMENTADORA;A981-2;O
5277;PARADA 21 ESCOLAR/ALIMENTADORA;A981-1;O
5276;PARADA 21 / ALIMENTADORA;A98-2;O
5275;PARADA 21 / ALIMENTADORA;A98-1;O
5274;PASSO DA TAQUARA/ALIMENTADORA ESCOLAR;A96-2;O
5273;PASSO DA TAQUARA/ALIMENTADORA ESCOLAR;A96-1;O
5272;PASSO DA BATALHA/ALIMENTADORA/ESCOLAR;A951-2;O
5271;PASSO DA BATALHA/ALIMENTADORA/ESCOLAR;A951-1;O
5270;COSTA E SILVA/SAMBDROMO;6332-1;O
5269;ALIMENTADORA ESCOLAR ANA IRIS;A93-2;O
5268;ALIMENTADORA ESCOLAR ANA IRIS;A93-1;O
5267;ALIMENTADORA RUA DO SCHNEIDER;A875-2;O
5266;ALIMENTADORA RUA DO SCHNEIDER;A875-1;O
5265;ALIMENTADORA RUA SCHNEIDER/BELM VELHO;A874-2;O
5264;ALIMENTADORA RUA SCHNEIDER/BELM VELHO;A874-1;O
5263;ALIMENTADORA HPICA/COSTA GAMA;A872-2;O
5262;ALIMENTADORA HPICA/COSTA GAMA;A872-1;O
5261;ALIM.MORADAS DA HIPICA VIA GEDEON LEITE;A871-2;O
5260;ALIM.MORADAS DA HIPICA VIA GEDEON LEITE;A871-1;O
5259;ALIMENT. MORADAS DA HIPICA/COSTA GAMA;A87-2;O
5258;ALIMENT. MORADAS DA HIPICA/COSTA GAMA;A87-1;O
5257;ALIMENTADORA BELM VELHO/UFRGS;A862-1;O
5256;ALIMENTADORA LAMI/BELEM NOVO;A69-2;O
5255;ALIMENTADORA LAMI/BELEM NOVO;A69-1;O
5254;LAMI ATE TERMINAL SAPOLANDIA;A68-2;O
5253;ESCOLAR LAMI II;A671-2;O
5252;ESCOLAR LAMI II;A671-1;O
5251;ESCOLAR LAMI;A67-2;O
5250;ESCOLAR LAMI;A67-1;O
5249;ALIMENTADORA RESTINGA/LOMBA/5UNIDADE;A141-2;O
5248;ALIMENTADORA RESTINGA/LOMBA/5UNIDADE;A141-1;O
5247;ALIMENTADORA LOMBA/RESTINGA/5 UNIDADE;A14-2;O
5246;ALIMENTADORA LOMBA/RESTINGA/5 UNIDADE;A14-1;O
5245;SAO CAETANO (ALIMENTADORA);A13-2;O
5244;SAO CAETANO (ALIMENTADORA);A13-1;O
5243;RUBEM BERTA (CAIRU);862-2;O
5242;RUBEM BERTA (CAIRU);862-1;O
5241;LEOPOLDINA/CAIRU/NOITE;8612-2;O
5240;LEOPOLDINA / CAIRU;861-2;O
5239;LEOPOLDINA / CAIRU;861-1;O
5238;J. CARVALHO/J. SALSO(GREVE NORTRAN);4733-2;O
5237;PARQUE DOS MAIAS / CAIRU;831-2;O
5236;PARQUE DOS MAIAS / CAIRU;831-1;O
5235;AGOSTINHO / CAIRU;827-2;O
5234;AGOSTINHO / CAIRU;827-1;O
5233;NOVA GLEBA-SANTA ROSA/CAIRU;821-2;O
5232;NOVA GLEBA-SANTA ROSA/CAIRU;821-1;O
5231;RUBEM BERTA (SERTORIO);762-2;O
5230;RUBEM BERTA (SERTORIO);762-1;O
5229;LEOPOLDINA/SERTORIO/NOITE;7612-2;O
5228;LEOPOLDINA/SERTORIO (CHACARA DA FUMACA);7611-2;O
5227;LEOPOLDINA/SERTORIO (CHACARA DA FUMACA);7611-1;O
5226;LEOPOLDINA/SERTORIO;761-2;O
5225;LEOPOLDINA/SERTORIO;761-1;O
5224;PARQUE DOS MAIAS / SERTRIO / TRENSURB;7315-2;O
5223;PARQUE DOS MAIAS/CAIR VIA SERTRIO;7311-2;O
5222;PARQUE DOS MAIAS/CAIR VIA SERTRIO;7311-1;O
5221;PARQUE DOS MAIAS / SERTORIO;731-2;O
5220;PARQUE DOS MAIAS / SERTORIO;731-1;O
5219;AGOSTINHO/CAIR VIA SERTRIO;7271-2;O
5218;AGOSTINHO/CAIR VIA SERTRIO;7271-1;O
5217;AGOSTINHO/SERTORIO;727-2;O
5216;AGOSTINHO/SERTORIO;727-1;O
5215;NOVA GLEBA-SANTA ROSA/SERTORIO;721-2;O
5214;NOVA GLEBA-SANTA ROSA/SERTORIO;721-1;O
5213;RUBEM BERTA/NAVEGANTES;6629-2;O
5212;RUBEM BERTA/NAVEGANTES;6629-1;O
5211;RUBEM BERTA/TRENSURB;6625-2;O
5210;RUBEM BERTA;662-2;O
5209;RUBEM BERTA;662-1;O
5208;LEOPOLDINA/NAVEGANTES;6619-2;O
5207;LEOPOLDINA/NAVEGANTES;6619-1;O
5206;LEOPOLDINA/NOITE;6612-2;O
5205;LEOPOLDINA (CHACARA DA FUMACA);6611-2;O
5204;LEOPOLDINA (CHACARA DA FUMACA);6611-1;O
5203;LEOPOLDINA;661-2;O
5202;LEOPOLDINA;661-1;O
5201;INGA;659-2;O
5200;INGA;659-1;O
5199;COSTA E SILVA (ESCOLAR);6331-1;O
5198;COSTA E SILVA;633-2;O
5197;COSTA E SILVA;633-1;O
5196;NOSSA SENHORA DE FTIMA/NOTURNA;6321-2;O
5195;NOSSA SENHORA DE FATIMA;632-2;O
5194;NOSSA SENHORA DE FATIMA;632-1;O
5193;PARQUE DOS MAIAS/TRENSURB;6315-2;O
5192;PARQUE DOS MAIAS;631-2;O
5191;PARQUE DOS MAIAS;631-1;O
5190;AGOSTINHO/NAVEGANTES;6279-2;O
5189;AGOSTINHO/NAVEGANTES;6279-1;O
5188;AGOSTINHO;627-2;O
5187;AGOSTINHO;627-1;O
5186;SAO BORJA;624-2;O
5185;SAO BORJA;624-1;O
5184;NOVA GLEBA/SANTA ROSA/NAVEGANTES;6219-2;O
5183;NOVA GLEBA/SANTA ROSA/NAVEGANTES;6219-1;O
5182;NOVA GLEBA/SANTA ROSA;621-2;O
5181;NOVA GLEBA/SANTA ROSA;621-1;O
5180;IGUATEMI/PARQUE DOS MAIAS;6204-2;O
5179;PARQUE DOS MAIAS / IGUATEMI;6202-1;O
5178;IGUATEMI / ELIZABETH;6201-2;O
5177;RAPIDA HIPICA;R9-1;O
5176;MARIO QUINTANA/CARLOS GOMES/ELEIES;4978-2;O
5175;MARIO QUINTANA/CARLOS GOMES/ELEIES;4978-1;O
5174;MARIO QUINTANA/SAFIRA;4971-2;O
5173;MARIO QUINTANA/SAFIRA;4971-1;O
5172;MARIO QUINTANA;497-2;O
5171;MARIO QUINTANA;497-1;O
5170;JARDIM PROTASIO ALVES;496-2;O
5169;JARDIM PROTASIO ALVES;496-1;O
5168;MANOEL ELIAS/PROTASIO VIA TEREZIO MEIRELES;4952-2;O
5167;MANOEL ELIAS/PROTASIO VIA TEREZIO MEIRELES;4952-1;O
5166;RUBEM BERTA/PROTSIO/CIRCULAR NO BAIRRO;4943-2;O
5165;BATISTA FLORES / RUBEM BERTA;4942-2;O
5164;BATISTA FLORES;4941-2;O
5163;BATISTA FLORES;4941-1;O
5162;RUBEM BERTA / PROTASIO;494-2;O
5161;RUBEM BERTA / PROTASIO;494-1;O
5160;PASSO DORNELES/CARLOS GOMES/ELEIES;4918-2;O
5159;PASSO DORNELES/CARLOS GOMES/ELEIES;4918-1;O
5158;PASSO DORNELES / VILA SAFIRA;491-2;O
5157;PASSO DORNELES / VILA SAFIRA;491-1;O
5156;PINHEIRO/A.CARVALHO/ELEIES;3988-2;O
5155;PINHEIRO/A.CARVALHO/ELEIES;3988-1;O
5154;PINHEIRO/LAMI-VERAO;3987-2;O
5153;PINHEIRO/LAMI-VERAO;3987-1;O
5152;VIOSA(PINHEIRO);3986-2;O
5151;VIOSA(PINHEIRO);3986-1;O
5150;PINHEIRO/PITINGA VIA VIOSA;3985-2;O
5149;PINHEIRO/PITINGA VIA VIOSA;3985-1;O
5148;PINHEIRO VIA VICOSA;3984-2;O
5147;PINHEIRO VIA VICOSA;3984-1;O
5146;PINHEIRO / VIA IPIRANGA;3983-2;O
5145;PINHEIRO / VIA IPIRANGA;3983-1;O
5144;PINHEIRO / ATE TERMINAL AZENHA;3982-2;O
5143;PINHEIRO / ATE TERMINAL AZENHA;3982-1;O
5142;PINHEIRO/ PARADA 24 VIA VIOSA;3981-2;O
5141;PINHEIRO/ PARADA 24 VIA VIOSA;3981-1;O
5140;PINHEIRO;398-2;O
5139;PINHEIRO;398-1;O
5138;BONSUCESSO/A.CARVALHO/ELEIES;3978-2;O
5137;BONSUCESSO/A.CARVALHO/ELEIES;3978-1;O
5136;BONSUCESSO/SANTA HELENA;3974-2;O
5135;BONSUCESSO/SANTA HELENA;3974-1;O
5134;BONSUCESSO / VIA IPIRANGA;3973-2;O
5133;BONSUCESSO / VIA IPIRANGA;3973-1;O
5132;BONSUCESSO / ATE TERMINAL AZENHA;3972-2;O
5131;BONSUCESSO / ATE TERMINAL AZENHA;3972-1;O
5130;BONSUCESSO;397-2;O
5129;BONSUCESSO;397-1;O
5128;HERDEIROS/A.CARVALHO/ELEIES;3768-2;O
5127;HERDEIROS/A.CARVALHO/ELEIES;3768-1;O
5126;HERDEIROS/ESMERALDA;376-2;O
5125;HERDEIROS/ESMERALDA;376-1;O
5124;AGRONOMIA/A.CARVALHO/ELEIES;3758-2;O
5123;AGRONOMIA/A.CARVALHO/ELEIES;3758-1;O
5122;PITINGA/CAIR;T121-1;O
5121;RESTINGA/CAIR;T12-1;O
5120;AGRONOMIA/INFORMTICA;375-2;O
5119;AGRONOMIA/INFORMTICA;375-1;O
5118;CAMPUS / IPIRANGA;343-2;O
5117;CAMPUS / IPIRANGA;343-1;O
5116;FESTIVAL DO JAPO;E06-1;O
5115;GREVE VAP;G497-2;O
5114;GREVE NORTRAN 01;GR62-1;O
5113;TRONCAL ANTNIO DE CARVALHO VIA BENTO;TR31-1;O
5112;TRONCAL ANTNIO DE CARVALHO VIA BENTO;TR31-2;O
5111;T5 ARENA;T53-1;O
5110;T5 ARENA;T53-2;O
5109;ALIMENTADORA TERMINAL TRENSURB/INDUSTRIAS;A05-1;O
5108;ANCHIETA/INDUSTRIAS/IGUATEMI;B093-1;O
5107;BELEM VELHO/CRISTAL/UFRGS;2861-2;O
5106;BELEM VELHO/CRISTAL/UFRGS;2861-1;O
5105;BELEM VELHO/CRISTAL/UFRGS;286-2;O
5104;BELEM VELHO/CRISTAL/UFRGS;286-1;O
5103;IPANEMA/CAVALHADA/CIRINO PRUNES;2832-2;O
5102;IPANEMA/CAVALHADA/CIRINO PRUNES;2832-1;O
5101;IPANEMA / CAVALHADA;283-2;O
5100;IPANEMA / CAVALHADA;283-1;O
5099;CAMPO NOVO/GEDEON LEITE/DOMINGOS;2816-2;O
5098;CAMPO NOVO/GEDEON LEITE/DOMINGOS;2816-1;O
5097;CAMPO NOVO VIA JORGE PEREIRA NUNES;2815-2;O
5096;CAMPO NOVO/DOMINGOS;2814-2;O
5095;CAMPO NOVO/DOMINGOS;2814-1;O
5094;CAMPO NOVO/MORRO AGUDO/DOMINGOS;2813-2;O
5093;CAMPO NOVO/MORRO AGUDO/DOMINGOS;2813-1;O
5092;CAMPO NOVO/GEDEON LEITE;2812-2;O
5091;CAMPO NOVO/GEDEON LEITE;2812-1;O
5090;CAMPO NOVO / MORRO AGUDO;2811-2;O
5089;CAMPO NOVO / MORRO AGUDO;2811-1;O
5088;CAMPO NOVO;281-2;O
5087;CAMPO NOVO;281-1;O
5086;BELEM NOVO/HIPICA/VELUDO(VIA SCHNEIDER);2733-2;O
5085;BELEM NOVO/HIPICA/VELUDO(VIA SCHNEIDER);2733-1;O
5084;BELEM NOVO/HIPICA/VELUDO;2732-2;O
5083;BELEM NOVO/HIPICA/VELUDO;2732-1;O
5082;BELEM NOVO/HIPICA(VIA SCHNEIDER);2731-2;O
5081;BELEM NOVO/HIPICA(VIA SCHNEIDER);2731-1;O
5080;BELEM NOVO/HIPICA;273-2;O
5079;BELEM NOVO/HIPICA;273-1;O
5078;MORADAS DA HIPICA VIA GEDEON LEITE;2724-2;O
5077;HIPICA (GEDEON LEITE);2723-2;O
5076;HIPICA (GEDEON LEITE);2723-1;O
5075;MORADAS DA HPICA VIA SCHNEIDER;2722-2;O
5074;MORADAS DA HPICA VIA SCHNEIDER;2722-1;O
5073;MORADAS DA HIPICA(COSTA GAMA);2721-2;O
5072;MORADAS DA HIPICA(COSTA GAMA);2721-1;O
5071;MORADAS DA HIPICA;272-2;O
5070;MORADAS DA HIPICA;272-1;O
5069;OPERACAO LAMI;2694-2;O
5068;OPERACAO LAMI;2694-1;O
5067;PRAIA OPERAAO VERANEIO;2693-2;O
5066;PRAIA OPERAAO VERANEIO;2693-1;O
5065;LAMI/BELEM;269-2;O
5064;LAMI/BELEM;269-1;O
5063;BELEM NOVO AT OTTO;2685-2;O
5062;BELEM NOVO AT OTTO;2685-1;O
5061;BELEM NOVO/CHAPEU/GEDEON;2682-2;O
5060;BELEM NOVO/CHAPEU/GEDEON;2682-1;O
5059;BELM NOVO/CHAPU DO SOL;2681-2;O
5058;BELM NOVO/CHAPU DO SOL;2681-1;O
5057;BELEM NOVO(VIA CAVALHADA);268-2;O
5056;BELEM NOVO(VIA CAVALHADA);268-1;O
5055;LAMI AT CAVALHADA;2675-2;O
5054;LAMI AT CAVALHADA;2675-1;O
5053;LAMI VIA BECO DA VITRIA AT PA GUIA LOPES;2674-1;O
5052;LAMI(VIA BECO DA VITORIA);2672-2;O
5051;LAMI(VIA BECO DA VITORIA);2672-1;O
5050;LAMI/VAREJAO(VIA EDGAR PIRES DE CASTRO);2671-2;O
5049;LAMI/VAREJAO(VIA EDGAR PIRES DE CASTRO);2671-1;O
5048;LAMI(VIA BELEM NOVO);267-2;O
5047;LAMI(VIA BELEM NOVO);267-1;O
5046;RESTINGA GLORIA;216-2;O
5045;RESTINGA GLORIA;216-1;O
5044;5鼎 UNIDADE/ESCOLAR II;2141-2;O
5043;5鼎 UNIDADE/ESCOLAR II;2141-1;O
5042;5鼎 UNIDADE/ESCOLAR;214-2;O
5041;5鼎 UNIDADE/ESCOLAR;214-1;O
5040;RESTINGA / LAMI;212-2;O
5039;RESTINGA / LAMI;212-1;O
5038;NOTURNA (BELEM NOVO);M68-2;O
5037;RESTINGA VELHA;211-2;O
5036;RESTINGA VELHA;211-1;O
5035;RESTINGA VELHA AT OTTO;E2115-1;O
5034;RESTINGA VELHA AT OTTO;E2115-2;O
5033;RESTINGA NOVA/DOMINGOS E FERIADOS;2101-2;O
5032;RESTINGA NOVA;210-2;O
5031;RESTINGA NOVA;210-1;O
5030;RESTINGA NOVA AT OTTO;E2105-1;O
5029;RESTINGA NOVA AT OTTO;E2105-2;O
5028;RESTINGA;209-2;O
5027;RESTINGA;209-1;O
5026;JUCA BATISTA VIA OSWALDO CRUZ;1841-2;O
5025;JUCA BATISTA;184-2;O
5024;JUCA BATISTA;184-1;O
5023;SERRARIA;179-2;O
5022;SERRARIA;179-1;O
5021;SERRARIA/RODOVIARIA/VIA MENDES OURIQUES;1761-2;O
5020;SERRARIA/RODOVIARIA/VIA MENDES OURIQUES;1761-1;O
5019;SERRARIA (RODOVIARIA);176-2;O
5018;SERRARIA (RODOVIARIA);176-1;O
5017;PONTA GROSSA/ESCOLA ODILA GAY;1714-2;O
5016;PONTA GROSSA/ESCOLA ODILA GAY;1714-1;O
5015;LINHA PONTA GROSSA AT OTTO;1713-2;O
5014;LINHA PONTA GROSSA AT OTTO;1713-1;O
5013;PONTA GROSSA;171-2;O
5012;PONTA GROSSA;171-1;O
5011;BELEM NOVO(VIA TRISTEZA);168-2;O
5010;BELEM NOVO(VIA TRISTEZA);168-1;O
5009;HIPICA/TRISTEZA;1112-2;O
5008;HIPICA/TRISTEZA;1112-1;O
5007;RESTINGA VELHA(TRISTEZA)/SHOPPING;1111-2;O
5006;RESTINGA VELHA(TRISTEZA)/SHOPPING;1111-1;O
5005;RESTINGA VELHA (TRISTEZA);111-2;O
5004;RESTINGA VELHA (TRISTEZA);111-1;O
5003;RESTINGA NOVA VIA TRISTEZA/DOMINGOS E FERIADOS;1101-2;O
5002;RESTINGA NOVA VIA TRISTEZA/DOMINGOS E FERIADOS;1101-1;O
5001;RESTINGA NOVA VIA TRISTEZA;110-2;O
5000;RESTINGA NOVA VIA TRISTEZA;110-1;O
165;IAPI - AUXILIADORA;50.2 - 1;L
153;AUXILIADORA - ANITA;50.11 - 1;L
172;AUXILIADORA/PADRE CHAGAS/ANITA;50.1 - 1;L
61;CHACARA DAS PEDRAS/3 FIGUEIRAS;40.51 - 2;L
60;CHACARA DAS PEDRAS/3 FIGUEIRAS;40.51 - 1;L
59;CHACARA DAS PEDRAS - PAINEIRA;40.5 - 2;L
58;CHACARA DAS PEDRAS - PAINEIRA;40.5 - 1;L
57;PETROPOLIS / FAPA;40.41 - 2;L
56;PETROPOLIS / FAPA;40.41 - 1;L
55;PETROPOLIS/SESC;40.4 - 2;L
54;PETROPOLIS/SESC;40.4 - 1;L
103;JOAO ABOTT;40.2 - 2;L
52;JOAO ABOTT;40.2 - 1;L
104;SANTANA/SBADOS;30.31 - 1;L
105;SANTANA/SBADOS;30.31 - 2;L
49;SANTANA;30.3 - 2;L
48;SANTANA;30.3 - 1;L
47;PARTENON/PINHEIRO/CAMPUS;30.21 - 2;L
46;PARTENON/PINHEIRO/CAMPUS;30.21 - 1;L
45;PARTENON/PINHEIRO/PARADA 21;30.2 - 2;L
44;PARTENON/PINHEIRO/PARADA 21;30.2 - 1;L
43;CANAL 10/MARIO DE ARTAGO;30.12 - 2;L
42;CANAL 10/MARIO DE ARTAGO;30.12 - 1;L
41;CANAL 10 VIA APARCIO BORGES/ANTONIO RIBEIRO;30.11 - 2;L
40;CANAL 10 VIA APARCIO BORGES/ANTONIO RIBEIRO;30.11 - 1;L
39;CANAL 10 VIA APARCIO BORGES;30.1 - 2;L
38;CANAL 10 VIA APARCIO BORGES;30.1 - 1;L
37;GLORIA;20.6 - 2;L
36;GLORIA;20.6 - 1;L
35;ALTO TERESOPOLIS - VIA PRAIA DE BELAS;20.5 - 2;L
34;ALTO TERESOPOLIS - VIA PRAIA DE BELAS;20.5 - 1;L
33;JARDIM VILA NOVA;20.4 - 2;L
32;JARDIM VILA NOVA;20.4 - 1;L
31;OTTO/TERESPOLIS;20.2 - 2;L
30;OTTO/TERESPOLIS;20.2 - 1;L
162;MEDIANEIRA / MORRO SAO CAETANO;20.11 - 2;L
28;MEDIANEIRA / MORRO SAO CAETANO;20.11 - 1;L
160;MEDIANEIRA;20.1 - 2;L
26;MEDIANEIRA;20.1 - 1;L
25;GUARUJA - CAVALHADA;10.51 - 2;L
102;GUARUJA - CAVALHADA;10.51 - 1;L
23;GUARUJA - WENCESLAU ESCOBAR;10.5 - 2;L
22;GUARUJA - WENCESLAU ESCOBAR;10.5 - 1;L
21;IPANEMA/JARDIM ISABEL;10.41 - 2;L
20;IPANEMA/JARDIM ISABEL;10.41 - 1;L
19;IPANEMA;10.4 - 2;L
122;IPANEMA;10.4 - 1;L
17;CRISTAL/OTTO NIEMEYER;10.3 - 2;L
16;CRISTAL/OTTO NIEMEYER;10.3 - 1;L
15;TRISTEZA/ASSUNCAO;10.1 - 2;L
14;TRISTEZA/ASSUNCAO;10.1 - 1;L
11;RIO BRANCO/VIA IPA;05.1 - 2;L
10;RIO BRANCO/VIA IPA;05.1 - 1;L
145;JARDIM BOTANICO/JARDIM DO SALSO;03.3 - 1;L
8;IPIRANGA/PUC-OSVALDO ARANHA;03.11 - 2;L
7;IPIRANGA/PUC-OSVALDO ARANHA;03.11 - 1;L
6;IPIRANGA/ PUC - BORGES;03.1 - 2;L
5;IPIRANGA/ PUC - BORGES;03.1 - 1;L
4;MENINO DEUS/ VIA JOSE DO PATROCINIO;02.11 - 2;L
3;MENINO DEUS/ VIA JOSE DO PATROCINIO;02.11 - 1;L
2;MENINO DEUS;02.1 - 2;L
1;MENINO DEUS;02.1 - 1;L
5669;QUINTA DO PORTAL/SALGADO FILHO;395-2;O
5670;QUINTA PORTAL/SALG. FILHO/PARADA 6;3951-1;O
5671;QUINTA PORTAL/SALG. FILHO/PARADA 6;3951-2;O
5672;QUINTA DO PORTAL/ ANTONIO DE CARVALHO;3954-2;O
5673;QUINTA DO PORTAL/ ANTONIO DE CARVALHO;3954-1;O
5674;JARDIM DA PAZ/FINADOS;3989-1;O
5675;JARDIM DA PAZ/FINADOS;3989-2;O
5676;PROTASIO / IGUATEMI;429-1;O
5677;PROTASIO / IGUATEMI;429-2;O
5678;PROTASIO/IGUATEMI/CANANEIA;4291-1;O
5679;PROTASIO/IGUATEMI/CANANEIA;4291-2;O
5680;PROTASIO/IGUATEMI/BECO DOS COQUEIROS;4292-1;O
5681;PROTASIO/IGUATEMI/BECO DOS COQUEIROS;4292-2;O
5682;BELA VISTA / ANITA;430-1;O
5683;BELA VISTA / ANITA;430-2;O
5684;BELA VISTA/ANITA VIA CARAZINHO/IJU;4302-1;O
5685;BELA VISTA/ANITA VIA CARAZINHO/IJU;4302-2;O
5686;CARLOS GOMES;431-1;O
5687;CARLOS GOMES;431-2;O
5688;VILA JARDIM;433-1;O
5689;VILA JARDIM;433-2;O
5690;ANTONIO DE CARVALHO;441-1;O
5691;ANTONIO DE CARVALHO;441-2;O
5692;BOM JESUS/MADRI;470-1;O
5693;BOM JESUS/MADRI;470-2;O
5694;BOM JESUS/CARLOS GOMES/ELEIES;4708-1;O
5695;BOM JESUS/CARLOS GOMES/ELEIES;4708-2;O
5696;PETROPOLIS/SESC(UNIBUS);4922-2;O
5697;PETROPOLIS/SESC(UNIBUS);4922-1;O
5698;BELA VISTA/ANITA (CONORTE);4301-2;O
5699;BELA VISTA/ANITA (CONORTE);4301-1;O
5700;MORRO SANTANA;490-1;O
5701;MORRO SANTANA;490-2;O
5702;PETROPOLIS / SESC;492-1;O
5703;PETROPOLIS / SESC;492-2;O
5704;PETROPOLIS/VILA MARGARITA;4921-1;O
5705;PETROPOLIS/VILA MARGARITA;4921-2;O
5706;JARDIM YPU;493-1;O
5707;JARDIM YPU;493-2;O
5708;JARDIM YPU / MAE APOLINARIA;4931-1;O
5709;JARDIM YPU / NILO RUSCHEL;4932-1;O
5710;JARDIM YPU / NILO RUSCHEL;4932-2;O
5711;CIRCULAR JARDIM YPU/PETRPOLIS;4933-1;O
5712;JARDIM YPU/PETRPOLIS;4934-1;O
5713;JARDIM YPU/PETRPOLIS;4934-2;O
5714;MANOEL ELIAS / PROTASIO;495-1;O
5715;MANOEL ELIAS / PROTASIO;495-2;O
5716;MANOEL ELIAS/MORRO SANTANA;4951-1;O
5717;MANOEL ELIAS/MORRO SANTANA;4951-2;O
5718;MANOEL ELIAS/CARLOS GOMES/ELEIES;4958-1;O
5719;MANOEL ELIAS/CARLOS GOMES/ELEIES;4958-2;O
5720;AUXILIADORA;510-1;O
5721;AUXILIADORA;510-2;O
5722;RIO BRANCO / ANITA;525-1;O
5723;RIO BRANCO / ANITA;525-2;O
5724;CARLOS GOMES / SALSO;671-1;O
5725;CARLOS GOMES / SALSO;671-2;O
5726;SANTA MARIA/CLEMENTE PEREIRA;3441-2;O
5727;SANTA MARIA/III PERIMETRAL;3442-1;O
5728;ALIMENTADORA JARDIM CASCATA;A741-1;O
5729;ALIM.B.VELHO/S.F/RINCAO/BETAO/CAVALHADA;A84-1;O
5730;ALIM.B.VELHO/S.F/RINCAO/BETAO/CAVALHADA;A84-2;O
5731;ALIM. B.VELHO/S.F./RINCO/CAVALHADA;A842-1;O
5732;ALIM. B.VELHO/S.F./RINCO/CAVALHADA;A842-2;O
5733;BELEM VELHO/CAVALHADA;A86-1;O
5734;BELEM VELHO/CAVALHADA;A86-2;O
5735;ALIMENTADORA BELM VELHO/UFRGS;A862-2;O
5736;EVENTUAL FORUM MUNDIAL DE EDUCAO;E35-1;O
5737;FORUM PUC/CENTRO;E53-1;O
5738;FORUM PUC/GIGANTINHO;E54-1;O
5739;EVENTUAL DOLORES DURAN-OBRAS;E751-1;O
5740;EVENTUAL DOLORES DURAN-OBRAS;E751-2;O
5741;EVENTUAL CONCURSOS FAPA;E95-1;O
5742;EVENTUAL CONCURSOS FAPA;E95-2;O
5743;PETROPOLIS MADRUGADA (CIRCULAR);M76-1;O
5744;RAPIDA / JARDIM VILA NOVA;R1-1;O
5745;RAPIDA / JARDIM VILA NOVA;R1-2;O
5746;RAPIDA - OSCAR PEREIRA;R21-1;O
5747;RAPIDA - OSCAR PEREIRA;R21-2;O
5748;RAPIDA - CASCATINHA;R22-1;O
5749;RAPIDA - CASCATINHA;R22-2;O
5750;PUC;T9-1;O
5751;PUC;T9-2;O
5752;ALIMENTADORA RESIDENCIAL ALZIRA ROSA;A973-1;O
5753;MARIO QUINTANA/ALZIRA ROSA;4972-2;O
5754;ALIMENTADORA QUINTA DO PORTAL/INTEGRAO;A395-1;O
5755;BENTO/TERMINAL ANTNIO DE CARVALHO;341-1;O
5756;BENTO/TERMINAL ANTNIO DE CARVALHO;341-2;O
5757;ICARA/ALTO TAQUARI/EVENTUAL CONCURSOS;E149-1;O
5758;ORFANOTROFIO/DIRETA;D63-2;O
5759;ICARA/ALTO TAQUARI/EVENTUAL CONCURSOS;E149-2;O
5760;RAPIDA CAMPO NOVO;R81-2;O
5761;ALIMENTADORA 3 MENINAS;A66-1;O
5762;ALIMENTADORA 3 MENINAS;A66-2;O
5763;ALIMENTADORA IMPERIAL PARQUE;A88-1;O
5764;MENINO DEUS;177-1;O
5765;MENINO DEUS;177-2;O
5766;PRAIA DE BELAS;178-1;O
5767;PRAIA DE BELAS;178-2;O
5768;T V;195-1;O
5769;T V;195-2;O
5770;SANTA TERESA;244-1;O
5771;SANTA TERESA;244-2;O
5772;SANTA TERESA/VIA MARIANO DE MATOS;2441-1;O
5773;SANTA TERESA/VIA MARIANO DE MATOS;2441-2;O
5774;CALDRE FIAO;255-1;O
5775;CALDRE FIAO;255-2;O
5776;CALDRE FIAO/FESTA DE SANTO ANTONIO;2551-1;O
5777;CALDRE FIAO/FESTA DE SANTO ANTONIO;2551-2;O
5778;PAULINO AZURENHA/AZENHA/CASCATINHA;257-1;O
5779;PAULINO AZURENHA/AZENHA/CASCATINHA;257-2;O
5780;PAULINO AZURENHA/CASCATINHA/AZENHA;2571-1;O
5781;PAULINO AZURENHA/CASCATINHA/AZENHA;2571-2;O
5782;PAULINO AZURENHA/ELEIES;2578-1;O
5783;JARDIM MEDIANEIRA;265-1;O
5784;JARDIM MEDIANEIRA;265-2;O
5785;GLORIA/AZENHA/CASCATINHA;274-1;O
5786;GLORIA/AZENHA/CASCATINHA;274-2;O
5787;GLORIA/CASCATINHA/AZENHA;2741-1;O
5788;GLORIA/CASCATINHA/AZENHA;2741-2;O
5789;GLRIA/ELEIES;2748-1;O
5790;CEMITERIO;297-1;O
5791;CEMITERIO;297-2;O
5792;JARDIM IPE;436-1;O
5793;JARDIM IPE;436-2;O
5794;SANTANA;438-1;O
5795;SANTANA;438-2;O
5796;SANTANA/SABADOS/DOMINGOS/FERIADOS;4381-1;O
5797;SANTANA/SABADOS/DOMINGOS/FERIADOS;4381-2;O
5798;SAO MANOEL;439-1;O
5799;SAO MANOEL;439-2;O
5800;CIRCULAR PRACA XV;C2-1;O
5801;CIRCULAR URCA;C3-1;O
5802;CIRCULAR URCA/SABADOS/DOMINGOS/FERIADOS;C31-1;O
5803;FORUM MUNDIAL DE EDUCACAO;E27-1;O
5804;FORUM MUNDIAL DE EDUCACAO;E27-2;O
5805;EVENTUAL FESTIVAL BARES;E3-1;O
5806;FORUM CENTRO/MARINHA DO BRASIL;E31-1;O
5807;EVENTUAL FESTIVAL BARES/SEXTA;E34-1;O
5808;EVENTUAL FESTIVAL BARES/SB/DOM/FERIADOS;E36-1;O
5809;FUTEBOL;F98-1;O
5810;FUTEBOL;F98-2;O
5811;FUTEBOL - OLIMPICO;F99-2;O
5812;FUTEBOL - OLIMPICO (AZENHA);F991-1;O
5813;FUTEBOL - OLIMPICO (CASCATINHA);F992-1;O
5814;FUTEBOL BEIRA RIO;F993-1;O
5815;FUTEBOL BEIRA RIO;F993-2;O
5816;FUTEBOL-OLIMPICO/BEIRA-RIO;F994-1;O
5817;FUTEBOL-OLIMPICO/BEIRA-RIO;F994-2;O
5818;LINHA TURISMO;LT01-1;O
5819;ALIMENTADORA NAVEGANTES STS;A02-1;O
5820;ALIMENTADORA NAVEGANTES UNIBUS;A03-1;O
5821;CIRCULAR CENTRO;C1-1;O
5822;CIRCULAR CENTRO/SBADOS;C11-1;O
5823;CIRCULAR CENTRO/ELEIES;C12-1;O
5824;ANFITEATRO PR DO SOL;E17-1;O
5825;ANFITEATRO PR DO SOL;E17-2;O
5826;FORUM SOCIAL MUNDIAL;E28-1;O
5827;FORUM SOCIAL MUNDIAL;E28-2;O
5828;ESCOLAR;A28-1;O
5829;ESCOLAR;A28-2;O
5830;ALIMENTADORA B.VELHO/S.FCO/RINCAO/BETAO;A841-1;O
5831;ALIMENTADORA B.VELHO/S.FCO/RINCAO/BETAO;A841-2;O
5832;ALIMENTADORA BELM VELHO;A861-1;O
5833;ALIMENTADORA BELM VELHO;A861-2;O
5834;CHCARA DAS PRAS/ALIMENTADORA;A94-1;O
5835;ALIMENTADORA/CH PERAS/QUINTA PORTAL;A942-1;O
5836;ALIM./5鼎 PORTAL/CH.PRAS/RETORNO ESCOLAR;A944-1;O
5837;QUINTA DO PORTAL/ALIMENTADORA/ESCOLAR;A941-2;O
5838;ALIMENTADORA IPE;A360-1;O
5839;ALIM. JARDIM BENTO GONALVES;A348-1;O
5840;GREVE B. VELHO/OSCAR PEREIRA;G260-1;O
5841;SARANDI / CAIRU;815-1;O
5842;SARANDI / CAIRU;815-2;O
5843;PARQUE NAUTICO / FESTA NAVEGANTES;E25-1;O
5844;PARQUE NAUTICO;B03-1;O
5845;ALIMENTADORA EXTREMA;A70-1;O
5846;ALIMENTADORA EXTREMA;A70-2;O
5847;ALIMENTADORA CANTA GALO/EXTREMA;A74-1;O
5848;ALIMENTADORA CANTA GALO/EXTREMA;A74-2;O
5849;ALIMENTADORA WENCESLAU FONTOURA/ESCOLAR;A621-1;O
5850;ALIMENTADORA PITINGA/PARADA 21;A142-1;O
5851;ALIMENTADORA/PITINGA/ESCOLAR;A143-1;O
5852;ALIMENTADORA/PITINGA/ESCOLAR;A143-2;O
5853;ALIMENTADORA JARDIM PROTASIO ALVES;A97-1;O
5854;ALIMENTADORA J. P. ALVES/ESCOLAR/IDA;A971-1;O
5855;ALIMENTADORA J.P. ALVES/ESCOLAR/VOLTA;A972-1;O
5856;WENCESLAU FONTOURA  (ALIMENTADORA);A62-1;O
5857;ALIMENTADORA MAPA/QUINTA DO PORTAL;A943-1;O
5858;PARQUE / POSTAO IAPI/H CONCEICAO;B51-1;O
5859;PARQUE/H CONCEICAO/POSTAO IAPI;B511-1;O
5860;ALIMENTADORA/B. NOVO/ECO CLEAN;A692-1;O
5861;ALIMENTADORA/B. NOVO/ECO CLEAN;A692-2;O
5862;GREVE T11;GT11-1;O
5863;GREVE T11;GT11-2;O
5864;PASSO DAS PEDRAS/CAIRU;856-1;O
5865;PASSO DAS PEDRAS/CAIRU;856-2;O
5866;PARQUE DOS MAIAS/SERTORIO/DOMINGOS/FERIADOS;7312-1;O
5867;GREVE VAP;G497-1;O
5868;GREVE GERAL TRENSURB (CARRIS);LTR8-2;O
5869;GREVE GERAL TRENSURB (CARRIS);LTR8-1;O
5870;TRANSVERSAL 2 (P AZURENHA/POSTAO)/DOMINGOS;T2A2-2;O
5871;TRANSVERSAL 2 (P AZURENHA/POSTAO)/DOMINGOS;T2A2-1;O
5872;TRANSVERSAL 2/DOMINGOS;T22-2;O
5873;QUINTA DO PORTAL/ALIMENTADORA/ESCOLAR;A941-1;O
5874;PROBLEMA TRENSURB(CONORTE);LTR6-1;O
5875;PROBLEMA TRENSURB(CONORTE);LTR6-2;O
5876;PROBLEMA TRENSURB(CARRIS);LTR5-1;O
5877;PROBLEMA TRENSURB(CARRIS);LTR5-2;O
5878;P. DA BATALHA/QUIRINAS/CIRCULAR/ESCOLAR;A992-1;O
5879;B. VELHO(S.FRANCISO)/RINCAO/BETAO ATE AZENHA;2843-1;O
5880;B. VELHO(S.FRANCISO)/RINCAO/BETAO ATE AZENHA;2843-2;O
5881;PROTASIO/CAIRU;855-1;O
5882;PROTASIO/CAIRU;855-2;O
5883;CARLOS GOMES/SALSO - DOM/FER;6712-1;O
5884;CARLOS GOMES/SALSO - DOM/FER;6712-2;O
5885;PARQUE DOS MAIAS/NAVEGANTES;6319-1;O
5886;CIRCULAR BALADA SEGURA;C4-1;O
5887;PASSO DAS PEDRAS/FAPA/NAVEGANTES;6569-1;O
5888;ALIMENTADORA BONSUCESSO/PARADA 13;A321-1;O
5889;GRUTINHA VIA AMAPA;2701-1;O
5890;GRUTINHA VIA AMAPA;2701-2;O
5891;PRADO (UNIBUS);2641-1;O
5892;PRADO (UNIBUS);2641-2;O
5893;ALAGAMENTO TRENSURB 22/STS;LE22-2;O
5894;ALAGAMENTO TRENSURB 22/STS;LE22-1;O
5895;ALAGAMENTO TRENSURB 41/CARRIS;LE41-2;O
5896;ALAGAMENTO TRENSURB 41/CARRIS;LE41-1;O
5897;ALAGAMENTO TRENSURB 2/CONORTE;LE2-2;O
5898;ALAGAMENTO TRENSURB 2/CONORTE;LE2-1;O
5899;ALAGAMENTO TRENSURB 42/STS;LE42-2;O
5900;ALAGAMENTO TRENSURB 42/STS;LE42-1;O
5901;ALAGAMENTO TRENSURB 23/UNIBUS;LE23-2;O
5902;ALAGAMENTO TRENSURB 23/UNIBUS;LE23-1;O
5903;ALAGAMENTO TRENSURB 43/UNIBUS;LE43-2;O
5904;ALAGAMENTO TRENSURB 43/UNIBUS;LE43-1;O
5905;CANUDOS VIA OSCAR PEREIRA ATE TERM. AZENHA;2542-2;O
5906;CANUDOS VIA OSCAR PEREIRA ATE TERM. AZENHA;2542-1;O
5907;PASSO DAS PEDRAS ATE TRIANGULO (CONORTE);6562-1;O
5908;PASSO DAS PEDRAS ATE TRIANGULO (CONORTE);6562-2;O
5909;ALAGAMENTO TRENSURB 1/CARRIS;LE1-1;O
5910;ALAGAMENTO TRENSURB 1/CARRIS;LE1-2;O
5911;HIPICA/COSTA GAMA VIA OSCAR P. ATE TERM. AZENHA;2725-1;O
5912;HIPICA/COSTA GAMA VIA OSCAR P. ATE TERM. AZENHA;2725-2;O
5913;TRIANGULO/24 DE OUTUBRO/IPA;5202-1;O
5914;ALIMENTADORA ESCOLAR A1;A1-2;O
5915;GREVE B. VELHO/OSCAR PEREIRA;G260-2;O
5916;PROBLEMAS TRENSURB / CONORTE;LE25-1;O
5917;UNIRITTER ATE OTTO/WENCESLAU;C802-2;O
5918;ALIMENTADORA ESCOLAR A1;A1-1;O
5919;TERMINAL ANTONIO DE CARVALHO/3 PERIMETRAL;T11A-1;O
5920;OTTO/WENCESLAU ATE UNIRITTER;C801-1;O
5921;ESCOLA TECNICA RESTINGA/HOSPITAL;A15-1;O
5922;LIBERAL (RETORNO ESCOLA);1861-2;O
5923;PRADO;264-1;O
5924;TRANSVERSAL 2/ARENA;T23-1;O
5925;TRANSVERSAL 2/ARENA;T23-2;O
5926;GREVE 343;G3431-1;O
5927;GREVE 343;G3431-2;O
5928;GREVE 510;G5101-1;O
5929;GREVE 510;G5101-2;O
5930;GREVE T1;GT1-1;O
5931;GREVE T1;GT1-2;O
5932;GREVE T3;GT3-1;O
5933;GREVE T3;GT3-2;O
5934;GREVE T4;GT4-1;O
5935;GREVE T4;GT4-2;O
5936;GREVE T10;GT101-1;O
5937;GREVE T10;GT101-2;O
5938;GREVE AUXILIADORA;G510-1;O
5939;GREVE AUXILIADORA;G510-2;O
5940;GREVE TRANSVERSAL 4;GT41-1;O
5941;GREVE TRANSVERSAL 4;GT41-2;O
5942;GREVE T9 PUC;GT91-1;O
5943;GREVE T9 PUC;GT91-2;O
5944;GREVE T9;GT9-1;O
5945;GREVE T9;GT9-2;O
5946;GREVE CAMPUS/IPIRANGA;G343-1;O
5947;GREVE CAMPUS/IPIRANGA;G343-2;O
5948;GREVE T6;GT6-1;O
5949;GREVE T6;GT6-2;O
5950;GREVE CAMPUS/FARRAPOS;GT8-1;O
5951;GREVE CAMPUS/FARRAPOS;GT8-2;O
5952;PRADO;264-2;O
5953;TRONCAL BALTAZAR;TR62-1;O
5954;TRONCAL BALTAZAR;TR62-2;O
5955;TRONCAL TRI`NGULO;TR60-1;O
5956;TRONCAL TRI`NGULO;TR60-2;O
5957;FUTEBOL ARENA;F04-1;O
5958;SAO CAETANO(ALIMENTADORA)/B. DA VITORIA;A131-2;O
5959;J. CARVALHO/J. SALSO(GREVE NORTRAN);4733-1;O
5960;RUBEM BERTA (GREVE NORTRAN);6624-1;O
5961;RUBEM BERTA (GREVE NORTRAN);6624-2;O
5962;RUBEM BERTA/CAIRU VIA SERTORIO;7621-2;O
5963;FUTEBOL ZEQUINHA;F05-1;O
5964;FUTEBOL ZEQUINHA;F05-2;O
5965;ORFANOTROFIO/AZENHA;2632-1;O
5966;ORFANOTROFIO/AZENHA;2632-2;O
5967;JOAO PESSOA/ORFANOTROFIO;2633-1;O
5968;JOAO PESSOA/ORFANOTROFIO;2633-2;O
5969;QUINTA DO PORTAL/PARADA 06/ANTONIO DE CARVALHO;3952-2;O
5970;QUINTA DO PORTAL/PARADA 06/ANTONIO DE CARVALHO;3952-1;O
5971;JARDIM CARVALHO/JARDIM DO SALSO;473-1;O
5972;JARDIM CARVALHO/JARDIM DO SALSO;473-2;O
5973;FUTEBOL BEIRA-RIO/ARENA;F01-1;O
5974;ITU COINMA/PROTASIO/ AV DO FORTE;6531-1;O
5975;FUTEBOL BEIRA-RIO/ARENA (CARRIS);F02-2;O
5976;EVENTUAL SANTA MARIA;E44-2;O
5977;TRIANGULO/COINMA/AV DO FORTE;A53-1;O
5978;BELEM VELHO (S.FRANCISCO)/RINCAO/BETAO;284-2;O
5979;PROBLEMAS TRENSURB / CARRIS;LE24-1;O
5980;GREVE JUCA BATISTA;G184-1;O
5981;GREVE JUCA BATISTA;G184-2;O
5982;GREVE B. VELHO (CASCATINHA);G261-1;O
5983;GREVE B. VELHO (CASCATINHA);G261-2;O
5984;PROBLEMAS TRENSURB / UNIBUS;LE26-1;O
5985;ALIMENTADORA PARADA 6/QUINTA DO PORTAL;A952-1;O
5986;ALIM CHAC DAS PERAS QUINTA DO PORTAL;A953-1;O
5987;ESPECIAL COPA-CENTRO STS;EC01-2;O
5988;ESPECIAL COPA-CENTRO STS;EC01-1;O
5989;ESPECIAL COPA-PUC CARRIS;EC02-1;O
5990;ESPECIAL COPA-PUC CARRIS;EC02-2;O
5991;ESPECIAL COPA-CENTRO CONORTE;EC06-1;O
5992;ESPECIAL COPA-CENTRO CONORTE;EC06-2;O
5993;ESPECIAL COPA-CENTRO UNIBUS;EC07-1;O
5994;ESPECIAL COPA-CENTRO UNIBUS;EC07-2;O
5995;ESPECIAL COPA-AEROPORTO CONORTE;EC04-1;O
5996;ESPECIAL COPA-AEROPORTO CONORTE;EC04-2;O
5997;ESPECIAL COPA-AEROPORTO UNIBUS;EC05-1;O
5998;ESPECIAL COPA-AEROPORTO UNIBUS;EC05-2;O
5999;ESPECIAL COPA-JOCKEY CARRIS;EC03-1;O
6000;ESPECIAL COPA-JOCKEY CARRIS;EC03-2;O
6001;PETROPOLIS / PUC;476-2;O
6002;HOSPITAL RESTINGA;A19-2;O
6003;HOSPITAL RESTINGA;A19-1;O
6004;COSTA E SILVA/TRIANGULO (ALIMENTADORA);A33-1;O
6005;SAO BORJA/TRIANGULO (ALIMENTADORA);A24-1;O
6006;MARIO QUINTANA/ALZIRA ROSA;4972-1;O
6007;FUTEBOL BEIRA-RIO/ARENA (CARRIS);F02-1;O
6008;FUTEBOL SSP/BEIRA-RIO (CARRIS);F03-1;O
6009;FUTEBOL SSP/BEIRA-RIO (CARRIS);F03-2;O
6010;FUTEBOL SSP/BEIRA-RIO (CONORTE);F06-1;O
6011;FUTEBOL SSP/BEIRA-RIO (CONORTE);F06-2;O
6012;FUTEBOL SSP/BEIRA-RIO (UNIBUS);F07-1;O
6013;FUTEBOL SSP/BEIRA-RIO (UNIBUS);F07-2;O
6014;RESTINGA/PUC;T12A-1;O
6015;RESTINGA/PUC;T12A-2;O
6016;TRINGULO/PUC;T13-1;O
6017;TRINGULO/PUC;T13-2;O
6018;RESTINGA/CAIR;T12-2;O
6019;ALIMENTADORA JD. PROTASIO ALVES/ALZIRA ROSA;A974-1;O
6020;HERDEIROS/ PARADA 01 (POLCIA CIVIL);3761-2;O
6021;GREVE NORTRAN 01;GR62-2;O
6022;GREVE NORTRAN 02;G627-1;O
6023;GREVE NORTRAN 02;G627-2;O
6024;GREVE NORTRAN 03;G620-1;O
6025;GREVE NORTRAN 03;G620-2;O
65;MONTSERRAT-ANITA;50.3 - 1;L
66;MONTSERRAT-ANITA;50.3 - 2;L
67;MONSERRAT - IPA;50.31 - 1;L
68;MONSERRAT - IPA;50.31 - 2;L
69;GUERINO/LINDOIA;50.6 - 1;L
70;GUERINO/LINDOIA;50.6 - 2;L
157;GUERINO/LINDOIA/AUXILIADORA;50.61 - 1;L
134;HIGIENOPOLIS - BENJAMIN CONSTANT;50.8 - 1;L
111;HIGIENOPOLIS - BENJAMIN CONSTANT;50.8 - 2;L
136;HIGIENOPOLIS-HOSPITAL MILITAR;50.81 - 1;L
75;HIGIENOPOLIS-HOSPITAL MILITAR;50.81 - 2;L
76;SARANDI/ASSIS BRASIL;60.1 - 1;L
77;SARANDI/ASSIS BRASIL;60.1 - 2;L
78;HOSPITAL CONCEICAO-VILA IPIRANGA;60.2 - 1;L
79;HOSPITAL CONCEICAO-VILA IPIRANGA;60.2 - 2;L
80;HOSPITAL CONCEICAO-IGUATEMI;60.21 - 1;L
81;HOSPITAL CONCEICAO-IGUATEMI;60.21 - 2;L
82;PARQUE HUMAITA;60.4 - 1;L
83;PARQUE HUMAITA;60.4 - 2;L
84;JARDIM DONA LEOPOLDINA-ASSIS BRASIL;60.5 - 1;L
85;JARDIM DONA LEOPOLDINA-ASSIS BRASIL;60.5 - 2;L
123;PARQUE DOS MAIAS/ASSIS BRASIL;60.6 - 1;L
87;PARQUE DOS MAIAS/ASSIS BRASIL;60.6 - 2;L
90;MADRUGAD定O/PARTENON/PINHEIRO;M30.2 - 1;L
91;MADRUGAD定O/PARTENON/PINHEIRO;M30.2 - 2;L
113;GLORIA - A PARTIR DAS 21H;20.61 - 2;L
112;GLORIA - A PARTIR DAS 21H;20.61 - 1;L
96;PARQUE HUMAIT定 - MADRUGADAO;M60.3 - 1;L
97;PARQUE HUMAIT定 - MADRUGADAO;M60.3 - 2;L
108;SARANDI/EVENTOS FIERGS;E60.1 - 1;L
107;SARANDI/EVENTOS FIERGS;E60.1 - 2;L
109;MADRUGAD定O/SARANDI;M60.1 - 1;L
110;MADRUGAD定O/SARANDI;M60.1 - 2;L
125;MADRUGAD定O/J.D.LEOPOLDINA/A.BRASIL;M60.5 - 2;L
126;MADRUGAD定O/J.D.LEOPOLDINA/A.BRASIL;M60.5 - 1;L
118;GUARUJA/WENCESLAU ESCOBAR/DIARIO DE NOTICIAS;10.52 - 1;L
119;GUARUJA/WENCESLAU ESCOBAR/DIARIO DE NOTICIAS;10.52 - 2;L
129;SARANDI/EVENTOS SEVERO DULLIUS;E6011 - 1;L
130;SARANDI/EVENTOS SEVERO DULLIUS;E6011 - 2;L
168;BEL定M NOVO;10.7 - 2;L
167;BEL定M NOVO;10.7 - 1;L
146;JARDIM BOTANICO/JARDIM DO SALSO;03.3 - 2;L
150;AUXILIADORA/PADRE CHAGAS/ANITA;50.1 - 2;L
154;AUXILIADORA - ANITA;50.11 - 2;L
158;GUERINO/LINDOIA/AUXILIADORA;50.61 - 2;L
166;IAPI - AUXILIADORA;50.2 - 2;L
169;RESTINGA;10.6 - 1;L
170;RESTINGA;10.6 - 2;L
